{
    "accuracy": 0.6,
    "precision": 0.5263157894736842,
    "recall": 0.47619047619047616,
    "auc": 0.577175697865353
}